id,name,firstName,lastName,dateOfBirth,nationality,section,position,shirtNumber,lastUpdated,currentTeam
3221,Neto,,Neto,1989-07-19,Brazil,Goalkeeper,Goalkeeper,32,2023-07-30T17:01:24Z,"{'area': {'id': 2072, 'name': 'England', 'code': 'ENG', 'flag': 'https://crests.football-data.org/770.svg'}, 'id': 57, 'name': 'Arsenal FC', 'shortName': 'Arsenal', 'tla': 'ARS', 'crest': 'https://crests.football-data.org/57.png', 'address': '75 Drayton Park London N5 1BU', 'website': 'http://www.arsenal.com', 'founded': 1886, 'clubColors': 'Red / White', 'venue': 'Emirates Stadium', 'runningCompetitions': [{'id': 2021, 'name': 'Premier League', 'code': 'PL', 'type': 'LEAGUE', 'emblem': 'https://crests.football-data.org/PL.png'}, {'id': 2001, 'name': 'UEFA Champions League', 'code': 'CL', 'type': 'CUP', 'emblem': 'https://crests.football-data.org/CL.png'}], 'contract': {'start': '2024-08', 'until': '2025-06'}}"
4832,David Raya,,David Raya,1995-09-15,Spain,Goalkeeper,Goalkeeper,1,2023-07-30T17:01:23Z,"{'area': {'id': 2224, 'name': 'Spain', 'code': 'ESP', 'flag': 'https://crests.football-data.org/760.svg'}, 'id': 760, 'name': 'Spain', 'shortName': 'Spain', 'tla': 'ESP', 'crest': 'https://crests.football-data.org/760.svg', 'address': 'Ramón y Cajal, s/n Las Rozas 28230', 'website': 'http://www.rfef.es', 'founded': 1909, 'clubColors': 'Red / Blue / Yellow', 'venue': 'Estadio Alfredo Di Stéfano', 'runningCompetitions': [{'id': 2182, 'name': 'UEFA Nations League', 'code': 'UNL', 'type': 'CUP', 'emblem': None}], 'contract': {'start': '2022-03', 'until': None}}"
171455,Tommy Setford,Tommy,Setford,2006-03-13,England,Goalkeeper,Goalkeeper,36,2023-11-08T09:41:39Z,"{'area': {'id': 2072, 'name': 'England', 'code': 'ENG', 'flag': 'https://crests.football-data.org/770.svg'}, 'id': 57, 'name': 'Arsenal FC', 'shortName': 'Arsenal', 'tla': 'ARS', 'crest': 'https://crests.football-data.org/57.png', 'address': '75 Drayton Park London N5 1BU', 'website': 'http://www.arsenal.com', 'founded': 1886, 'clubColors': 'Red / White', 'venue': 'Emirates Stadium', 'runningCompetitions': [{'id': 2021, 'name': 'Premier League', 'code': 'PL', 'type': 'LEAGUE', 'emblem': 'https://crests.football-data.org/PL.png'}, {'id': 2001, 'name': 'UEFA Champions League', 'code': 'CL', 'type': 'CUP', 'emblem': 'https://crests.football-data.org/CL.png'}], 'contract': {'start': '2024-08', 'until': '2028-06'}}"
270449,Jack Porter,Jack,Porter,2008-07-15,England,Goalkeeper,Goalkeeper,92,2024-11-07T09:41:02Z,"{'area': {'id': 2072, 'name': 'England', 'code': 'ENG', 'flag': 'https://crests.football-data.org/770.svg'}, 'id': 57, 'name': 'Arsenal FC', 'shortName': 'Arsenal', 'tla': 'ARS', 'crest': 'https://crests.football-data.org/57.png', 'address': '75 Drayton Park London N5 1BU', 'website': 'http://www.arsenal.com', 'founded': 1886, 'clubColors': 'Red / White', 'venue': 'Emirates Stadium', 'runningCompetitions': [{'id': 2021, 'name': 'Premier League', 'code': 'PL', 'type': 'LEAGUE', 'emblem': 'https://crests.football-data.org/PL.png'}, {'id': 2001, 'name': 'UEFA Champions League', 'code': 'CL', 'type': 'CUP', 'emblem': 'https://crests.football-data.org/CL.png'}], 'contract': {'start': '2024-09', 'until': '2025-06'}}"
270668,Aleksei Fedorushchenko,Aleksei,Fedorushchenko,2005-09-28,Russia,Goalkeeper,Goalkeeper,62,2024-09-26T09:41:02Z,"{'area': {'id': 2072, 'name': 'England', 'code': 'ENG', 'flag': 'https://crests.football-data.org/770.svg'}, 'id': 57, 'name': 'Arsenal FC', 'shortName': 'Arsenal', 'tla': 'ARS', 'crest': 'https://crests.football-data.org/57.png', 'address': '75 Drayton Park London N5 1BU', 'website': 'http://www.arsenal.com', 'founded': 1886, 'clubColors': 'Red / White', 'venue': 'Emirates Stadium', 'runningCompetitions': [{'id': 2021, 'name': 'Premier League', 'code': 'PL', 'type': 'LEAGUE', 'emblem': 'https://crests.football-data.org/PL.png'}, {'id': 2001, 'name': 'UEFA Champions League', 'code': 'CL', 'type': 'CUP', 'emblem': 'https://crests.football-data.org/CL.png'}], 'contract': {'start': '2024-09', 'until': '2025-06'}}"
246388,Zane Monlouis,Zane,Monlouis,2003-10-16,England,Defence,Defence,50,2024-02-07T09:43:27Z,"{'area': {'id': 2072, 'name': 'England', 'code': 'ENG', 'flag': 'https://crests.football-data.org/770.svg'}, 'id': 57, 'name': 'Arsenal FC', 'shortName': 'Arsenal', 'tla': 'ARS', 'crest': 'https://crests.football-data.org/57.png', 'address': '75 Drayton Park London N5 1BU', 'website': 'http://www.arsenal.com', 'founded': 1886, 'clubColors': 'Red / White', 'venue': 'Emirates Stadium', 'runningCompetitions': [{'id': 2021, 'name': 'Premier League', 'code': 'PL', 'type': 'LEAGUE', 'emblem': 'https://crests.football-data.org/PL.png'}, {'id': 2001, 'name': 'UEFA Champions League', 'code': 'CL', 'type': 'CUP', 'emblem': 'https://crests.football-data.org/CL.png'}], 'contract': {'start': '2024-07', 'until': '2025-06'}}"
270317,Maldini Kacurri,Maldini,Kacurri,2005-10-04,Albania,Defence,Defence,47,2024-09-16T09:41:02Z,"{'area': {'id': 2072, 'name': 'England', 'code': 'ENG', 'flag': 'https://crests.football-data.org/770.svg'}, 'id': 57, 'name': 'Arsenal FC', 'shortName': 'Arsenal', 'tla': 'ARS', 'crest': 'https://crests.football-data.org/57.png', 'address': '75 Drayton Park London N5 1BU', 'website': 'http://www.arsenal.com', 'founded': 1886, 'clubColors': 'Red / White', 'venue': 'Emirates Stadium', 'runningCompetitions': [{'id': 2021, 'name': 'Premier League', 'code': 'PL', 'type': 'LEAGUE', 'emblem': 'https://crests.football-data.org/PL.png'}, {'id': 2001, 'name': 'UEFA Champions League', 'code': 'CL', 'type': 'CUP', 'emblem': 'https://crests.football-data.org/CL.png'}], 'contract': {'start': '2024-09', 'until': '2025-06'}}"
270663,Josh Nichols,Josh,Nichols,2006-07-26,England,Defence,Defence,51,2024-09-26T09:41:02Z,"{'area': {'id': 2072, 'name': 'England', 'code': 'ENG', 'flag': 'https://crests.football-data.org/770.svg'}, 'id': 57, 'name': 'Arsenal FC', 'shortName': 'Arsenal', 'tla': 'ARS', 'crest': 'https://crests.football-data.org/57.png', 'address': '75 Drayton Park London N5 1BU', 'website': 'http://www.arsenal.com', 'founded': 1886, 'clubColors': 'Red / White', 'venue': 'Emirates Stadium', 'runningCompetitions': [{'id': 2021, 'name': 'Premier League', 'code': 'PL', 'type': 'LEAGUE', 'emblem': 'https://crests.football-data.org/PL.png'}, {'id': 2001, 'name': 'UEFA Champions League', 'code': 'CL', 'type': 'CUP', 'emblem': 'https://crests.football-data.org/CL.png'}], 'contract': {'start': '2024-09', 'until': '2025-06'}}"
270780,Josh Robinson,Josh,Robinson,2004-12-20,England,Defence,Defence,61,2024-10-02T09:41:02Z,"{'area': {'id': 2072, 'name': 'England', 'code': 'ENG', 'flag': 'https://crests.football-data.org/770.svg'}, 'id': 57, 'name': 'Arsenal FC', 'shortName': 'Arsenal', 'tla': 'ARS', 'crest': 'https://crests.football-data.org/57.png', 'address': '75 Drayton Park London N5 1BU', 'website': 'http://www.arsenal.com', 'founded': 1886, 'clubColors': 'Red / White', 'venue': 'Emirates Stadium', 'runningCompetitions': [{'id': 2021, 'name': 'Premier League', 'code': 'PL', 'type': 'LEAGUE', 'emblem': 'https://crests.football-data.org/PL.png'}, {'id': 2001, 'name': 'UEFA Champions League', 'code': 'CL', 'type': 'CUP', 'emblem': 'https://crests.football-data.org/CL.png'}], 'contract': {'start': '2024-10', 'until': '2026-06'}}"
175905,Salah Oulad M'Hand,Salah-Eddine,Oulad M'Hand,2003-08-20,Netherlands,Midfield,Midfield,56,2023-09-09T01:49:44Z,"{'area': {'id': 2072, 'name': 'England', 'code': 'ENG', 'flag': 'https://crests.football-data.org/770.svg'}, 'id': 57, 'name': 'Arsenal FC', 'shortName': 'Arsenal', 'tla': 'ARS', 'crest': 'https://crests.football-data.org/57.png', 'address': '75 Drayton Park London N5 1BU', 'website': 'http://www.arsenal.com', 'founded': 1886, 'clubColors': 'Red / White', 'venue': 'Emirates Stadium', 'runningCompetitions': [{'id': 2021, 'name': 'Premier League', 'code': 'PL', 'type': 'LEAGUE', 'emblem': 'https://crests.football-data.org/PL.png'}, {'id': 2001, 'name': 'UEFA Champions League', 'code': 'CL', 'type': 'CUP', 'emblem': 'https://crests.football-data.org/CL.png'}], 'contract': {'start': '2024-08', 'until': '2025-06'}}"
190818,Nathan Butler-Oyedeji,Nathan,Butler-Oyedeji,2003-01-04,England,Midfield,Offence,37,2023-09-18T08:59:19Z,"{'area': {'id': 2072, 'name': 'England', 'code': 'ENG', 'flag': 'https://crests.football-data.org/770.svg'}, 'id': 57, 'name': 'Arsenal FC', 'shortName': 'Arsenal', 'tla': 'ARS', 'crest': 'https://crests.football-data.org/57.png', 'address': '75 Drayton Park London N5 1BU', 'website': 'http://www.arsenal.com', 'founded': 1886, 'clubColors': 'Red / White', 'venue': 'Emirates Stadium', 'runningCompetitions': [{'id': 2021, 'name': 'Premier League', 'code': 'PL', 'type': 'LEAGUE', 'emblem': 'https://crests.football-data.org/PL.png'}, {'id': 2001, 'name': 'UEFA Champions League', 'code': 'CL', 'type': 'CUP', 'emblem': 'https://crests.football-data.org/CL.png'}], 'contract': {'start': '2024-09', 'until': '2025-06'}}"
270448,Jimi Gower,Jimi,Gower,2004-10-01,England,Midfield,Midfield,44,2024-09-20T09:41:02Z,"{'area': {'id': 2072, 'name': 'England', 'code': 'ENG', 'flag': 'https://crests.football-data.org/770.svg'}, 'id': 57, 'name': 'Arsenal FC', 'shortName': 'Arsenal', 'tla': 'ARS', 'crest': 'https://crests.football-data.org/57.png', 'address': '75 Drayton Park London N5 1BU', 'website': 'http://www.arsenal.com', 'founded': 1886, 'clubColors': 'Red / White', 'venue': 'Emirates Stadium', 'runningCompetitions': [{'id': 2021, 'name': 'Premier League', 'code': 'PL', 'type': 'LEAGUE', 'emblem': 'https://crests.football-data.org/PL.png'}, {'id': 2001, 'name': 'UEFA Champions League', 'code': 'CL', 'type': 'CUP', 'emblem': 'https://crests.football-data.org/CL.png'}], 'contract': {'start': '2024-09', 'until': '2025-06'}}"
270318,Ismeal Kabia,Ismeal,Kabia,2005-12-10,Netherlands,Offence,Offence,46,2024-09-16T09:41:02Z,"{'area': {'id': 2072, 'name': 'England', 'code': 'ENG', 'flag': 'https://crests.football-data.org/770.svg'}, 'id': 57, 'name': 'Arsenal FC', 'shortName': 'Arsenal', 'tla': 'ARS', 'crest': 'https://crests.football-data.org/57.png', 'address': '75 Drayton Park London N5 1BU', 'website': 'http://www.arsenal.com', 'founded': 1886, 'clubColors': 'Red / White', 'venue': 'Emirates Stadium', 'runningCompetitions': [{'id': 2021, 'name': 'Premier League', 'code': 'PL', 'type': 'LEAGUE', 'emblem': 'https://crests.football-data.org/PL.png'}, {'id': 2001, 'name': 'UEFA Champions League', 'code': 'CL', 'type': 'CUP', 'emblem': 'https://crests.football-data.org/CL.png'}], 'contract': {'start': '2024-09', 'until': '2025-06'}}"
98816,Jurrien Timber,Jurriën,Timber,2001-06-17,Netherlands,Centre-Back,Defence,12,2024-08-23T09:25:15Z,"{'area': {'id': 2072, 'name': 'England', 'code': 'ENG', 'flag': 'https://crests.football-data.org/770.svg'}, 'id': 57, 'name': 'Arsenal FC', 'shortName': 'Arsenal', 'tla': 'ARS', 'crest': 'https://crests.football-data.org/57.png', 'address': '75 Drayton Park London N5 1BU', 'website': 'http://www.arsenal.com', 'founded': 1886, 'clubColors': 'Red / White', 'venue': 'Emirates Stadium', 'runningCompetitions': [{'id': 2021, 'name': 'Premier League', 'code': 'PL', 'type': 'LEAGUE', 'emblem': 'https://crests.football-data.org/PL.png'}, {'id': 2001, 'name': 'UEFA Champions League', 'code': 'CL', 'type': 'CUP', 'emblem': 'https://crests.football-data.org/CL.png'}], 'contract': {'start': '2023-07', 'until': '2028-06'}}"
80171,William Saliba,William,Saliba,2001-03-24,France,Centre-Back,Defence,17,2024-08-23T09:25:15Z,"{'area': {'id': 2081, 'name': 'France', 'code': 'FRA', 'flag': 'https://crests.football-data.org/773.svg'}, 'id': 773, 'name': 'France', 'shortName': 'France', 'tla': 'FRA', 'crest': 'https://crests.football-data.org/773.svg', 'address': '87 Boulevard de Grenelle Paris 75738', 'website': 'http://www.fff.fr', 'founded': 1919, 'clubColors': 'Blue / White / Red', 'venue': 'Stade de France', 'runningCompetitions': [{'id': 2182, 'name': 'UEFA Nations League', 'code': 'UNL', 'type': 'CUP', 'emblem': None}], 'contract': {'start': '2022-03', 'until': None}}"
61450,Martinelli,,Gabriel Martinelli,2001-06-18,Brazil,Left Winger,Midfield,22,2024-08-23T09:25:15Z,"{'area': {'id': 2032, 'name': 'Brazil', 'code': 'BRA', 'flag': 'https://crests.football-data.org/764.svg'}, 'id': 764, 'name': 'Brazil', 'shortName': 'Brazil', 'tla': 'BRA', 'crest': 'https://crests.football-data.org/764.svg', 'address': 'Rua Victor Civita 66 Bloco 1, Edifico 5 Rio de Janeiro, RJ 22775-044', 'website': 'http://www.cbf.com.br/', 'founded': 1914, 'clubColors': 'Yellow / Green / Blue', 'venue': None, 'runningCompetitions': [{'id': 2082, 'name': 'WC Qualification CONMEBOL', 'code': 'QCBL', 'type': 'CUP', 'emblem': None}], 'contract': {'start': '2022-03', 'until': None}}"
23128,Gabriel,,Gabriel Magalhães,1997-12-19,Brazil,Centre-Back,Defence,14,2024-09-08T09:41:02Z,"{'area': {'id': 2032, 'name': 'Brazil', 'code': 'BRA', 'flag': 'https://crests.football-data.org/764.svg'}, 'id': 764, 'name': 'Brazil', 'shortName': 'Brazil', 'tla': 'BRA', 'crest': 'https://crests.football-data.org/764.svg', 'address': 'Rua Victor Civita 66 Bloco 1, Edifico 5 Rio de Janeiro, RJ 22775-044', 'website': 'http://www.cbf.com.br/', 'founded': 1914, 'clubColors': 'Yellow / Green / Blue', 'venue': None, 'runningCompetitions': [{'id': 2082, 'name': 'WC Qualification CONMEBOL', 'code': 'QCBL', 'type': 'CUP', 'emblem': None}], 'contract': {'start': '2023-09', 'until': None}}"
15615,Kieran Tierney,Kieran,Tierney,1997-06-05,Scotland,Left-Back,Defence,6,2024-08-12T11:57:15Z,"{'area': {'id': 2204, 'name': 'Scotland', 'code': 'SCO', 'flag': 'https://crests.football-data.org/814.svg'}, 'id': 8873, 'name': 'Scotland', 'shortName': 'Scotland', 'tla': 'SCO', 'crest': 'https://crests.football-data.org/814.svg', 'address': 'Hampden Park Glasgow G42 9AY', 'website': 'http://www.scottishfa.co.uk', 'founded': 1873, 'clubColors': 'Navy Blue / White', 'venue': 'Hampden Park', 'runningCompetitions': [{'id': 2182, 'name': 'UEFA Nations League', 'code': 'UNL', 'type': 'CUP', 'emblem': None}, {'id': 2007, 'name': 'WC Qualification UEFA', 'code': 'QUFA', 'type': 'CUP', 'emblem': None}], 'contract': {'start': '2016-03', 'until': None}}"
9034,Takehiro Tomiyasu,Takehiro,Tomiyasu,1998-11-05,Japan,Right-Back,Defence,18,2024-08-23T09:25:15Z,"{'area': {'id': 2072, 'name': 'England', 'code': 'ENG', 'flag': 'https://crests.football-data.org/770.svg'}, 'id': 57, 'name': 'Arsenal FC', 'shortName': 'Arsenal', 'tla': 'ARS', 'crest': 'https://crests.football-data.org/57.png', 'address': '75 Drayton Park London N5 1BU', 'website': 'http://www.arsenal.com', 'founded': 1886, 'clubColors': 'Red / White', 'venue': 'Emirates Stadium', 'runningCompetitions': [{'id': 2021, 'name': 'Premier League', 'code': 'PL', 'type': 'LEAGUE', 'emblem': 'https://crests.football-data.org/PL.png'}, {'id': 2001, 'name': 'UEFA Champions League', 'code': 'CL', 'type': 'CUP', 'emblem': 'https://crests.football-data.org/CL.png'}], 'contract': {'start': '2021-08', 'until': '2026-06'}}"
8984,Leandro Trossard,Leandro,Trossard,1994-12-04,Belgium,Left Winger,Midfield,11,2024-08-23T09:25:15Z,"{'area': {'id': 2023, 'name': 'Belgium', 'code': 'BEL', 'flag': 'https://crests.football-data.org/805.svg'}, 'id': 805, 'name': 'Belgium', 'shortName': 'Belgium', 'tla': 'BEL', 'crest': 'https://crests.football-data.org/805.svg', 'address': '145, avenue Houba de Strooper Brussels 1020', 'website': 'https://www.rbfa.be', 'founded': 1895, 'clubColors': 'Red / Black / Yellow', 'venue': 'King Power at Den Dreef Stadion', 'runningCompetitions': [{'id': 2182, 'name': 'UEFA Nations League', 'code': 'UNL', 'type': 'CUP', 'emblem': None}, {'id': 2007, 'name': 'WC Qualification UEFA', 'code': 'QUFA', 'type': 'CUP', 'emblem': None}], 'contract': {'start': '2020-09', 'until': None}}"
